epoch,loss,mae,mse
0,0.009406912107498116,0.043045174,0.024365483
0,0.00213659263928208,0.013593451,0.0042784833
